,DATE
0,2015-06-30
1,2015-07-01
2,2015-07-02
3,2015-07-03
4,2015-07-04
5,2015-07-05
6,2015-07-06
7,2015-07-07
8,2015-07-08
9,2015-07-09
10,2015-07-10
11,2015-07-11
12,2015-07-12
13,2015-07-13
14,2015-07-14
15,2015-07-15
16,2015-07-16
17,2015-07-17
18,2015-07-18
19,2015-07-19
20,2015-07-20
21,2015-07-21
22,2015-07-22
23,2015-07-23
24,2015-07-24
25,2015-07-25
26,2015-07-26
27,2015-07-27
28,2015-07-28
29,2015-07-29
30,2015-07-30
31,2015-07-31
32,2015-08-01
33,2015-08-02
34,2015-08-03
35,2015-08-04
36,2015-08-05
37,2015-08-06
38,2015-08-07
39,2015-08-08
40,2015-08-09
41,2015-08-10
42,2015-08-11
43,2015-08-12
44,2015-08-13
45,2015-08-14
46,2015-08-15
47,2015-08-16
48,2015-08-17
49,2015-08-18
50,2015-08-19
51,2015-08-20
52,2015-08-21
53,2015-08-22
54,2015-08-23
55,2015-08-24
56,2015-08-25
57,2015-08-26
58,2015-08-27
59,2015-08-28
60,2015-08-29
61,2015-08-30
62,2015-08-31
63,2015-09-01
64,2015-09-02
65,2015-09-03
66,2015-09-04
67,2015-09-05
68,2015-09-06
69,2015-09-07
70,2015-09-08
71,2015-09-09
72,2015-09-10
73,2015-09-11
74,2015-09-12
75,2015-09-13
76,2015-09-14
77,2015-09-15
78,2015-09-16
79,2015-09-17
80,2015-09-18
81,2015-09-19
82,2015-09-20
83,2015-09-21
84,2015-09-22
85,2015-09-23
86,2015-09-24
87,2015-09-25
88,2015-09-26
89,2015-09-27
90,2015-09-28
91,2015-09-29
92,2015-09-30
93,2015-10-01
94,2015-10-02
95,2015-10-03
96,2015-10-04
97,2015-10-05
98,2015-10-06
99,2015-10-07
100,2015-10-08
101,2015-10-09
102,2015-10-10
103,2015-10-11
104,2015-10-12
105,2015-10-13
106,2015-10-14
107,2015-10-15
108,2015-10-16
109,2015-10-17
110,2015-10-18
111,2015-10-19
112,2015-10-20
113,2015-10-21
114,2015-10-22
115,2015-10-23
116,2015-10-24
117,2015-10-25
118,2015-10-26
119,2015-10-27
120,2015-10-28
121,2015-10-29
122,2015-10-30
123,2015-10-31
124,2015-11-01
125,2015-11-02
126,2015-11-03
127,2015-11-04
128,2015-11-05
129,2015-11-06
130,2015-11-07
131,2015-11-08
132,2015-11-09
133,2015-11-10
134,2015-11-11
135,2015-11-12
136,2015-11-13
137,2015-11-14
138,2015-11-15
139,2015-11-16
140,2015-11-17
141,2015-11-18
142,2015-11-19
143,2015-11-20
144,2015-11-21
145,2015-11-22
146,2015-11-23
147,2015-11-24
148,2015-11-25
149,2015-11-26
150,2015-11-27
151,2015-11-28
152,2015-11-29
153,2015-11-30
154,2015-12-01
155,2015-12-02
156,2015-12-03
157,2015-12-04
158,2015-12-05
159,2015-12-06
160,2015-12-07
161,2015-12-08
162,2015-12-09
163,2015-12-10
164,2015-12-11
165,2015-12-12
166,2015-12-13
167,2015-12-14
168,2015-12-15
169,2015-12-16
170,2015-12-17
171,2015-12-18
172,2015-12-19
173,2015-12-20
174,2015-12-21
175,2015-12-22
176,2015-12-23
177,2015-12-24
178,2015-12-25
179,2015-12-26
180,2015-12-27
181,2015-12-28
182,2015-12-29
183,2015-12-30
184,2015-12-31
185,2016-01-01
186,2016-01-02
187,2016-01-03
188,2016-01-04
189,2016-01-05
190,2016-01-06
191,2016-01-07
192,2016-01-08
193,2016-01-09
194,2016-01-10
195,2016-01-11
196,2016-01-12
197,2016-01-13
198,2016-01-14
199,2016-01-15
200,2016-01-16
201,2016-01-17
202,2016-01-18
203,2016-01-19
204,2016-01-20
205,2016-01-21
206,2016-01-22
207,2016-01-23
208,2016-01-24
209,2016-01-25
210,2016-01-26
211,2016-01-27
212,2016-01-28
213,2016-01-29
214,2016-01-30
215,2016-01-31
216,2016-02-01
217,2016-02-02
218,2016-02-03
219,2016-02-04
220,2016-02-05
221,2016-02-06
222,2016-02-07
223,2016-02-08
224,2016-02-09
225,2016-02-10
226,2016-02-11
227,2016-02-12
228,2016-02-13
229,2016-02-14
230,2016-02-15
231,2016-02-16
232,2016-02-17
233,2016-02-18
234,2016-02-19
235,2016-02-20
236,2016-02-21
237,2016-02-22
238,2016-02-23
239,2016-02-24
240,2016-02-25
241,2016-02-26
242,2016-02-27
243,2016-02-28
244,2016-02-29
245,2016-03-01
246,2016-03-02
247,2016-03-03
248,2016-03-04
249,2016-03-05
250,2016-03-06
251,2016-03-07
252,2016-03-08
253,2016-03-09
254,2016-03-10
255,2016-03-11
256,2016-03-12
257,2016-03-13
258,2016-03-14
259,2016-03-15
260,2016-03-16
261,2016-03-17
262,2016-03-18
263,2016-03-19
264,2016-03-20
265,2016-03-21
266,2016-03-22
267,2016-03-23
268,2016-03-24
269,2016-03-25
270,2016-03-26
271,2016-03-27
272,2016-03-28
273,2016-03-29
274,2016-03-30
275,2016-03-31
276,2016-04-01
277,2016-04-02
278,2016-04-03
279,2016-04-04
280,2016-04-05
281,2016-04-06
282,2016-04-07
283,2016-04-08
284,2016-04-09
285,2016-04-10
286,2016-04-11
287,2016-04-12
288,2016-04-13
289,2016-04-14
290,2016-04-15
291,2016-04-16
292,2016-04-17
293,2016-04-18
294,2016-04-19
295,2016-04-20
296,2016-04-21
297,2016-04-22
298,2016-04-23
299,2016-04-24
300,2016-04-25
301,2016-04-26
302,2016-04-27
303,2016-04-28
304,2016-04-29
305,2016-04-30
306,2016-05-01
307,2016-05-02
308,2016-05-03
309,2016-05-04
310,2016-05-05
311,2016-05-06
312,2016-05-07
313,2016-05-08
314,2016-05-09
315,2016-05-10
316,2016-05-11
317,2016-05-12
318,2016-05-13
319,2016-05-14
320,2016-05-15
321,2016-05-16
322,2016-05-17
323,2016-05-18
324,2016-05-19
325,2016-05-20
326,2016-05-21
327,2016-05-22
328,2016-05-23
329,2016-05-24
330,2016-05-25
331,2016-05-26
332,2016-05-27
333,2016-05-28
334,2016-05-29
335,2016-05-30
336,2016-05-31
337,2016-06-01
338,2016-06-02
339,2016-06-03
340,2016-06-04
341,2016-06-05
342,2016-06-06
343,2016-06-07
344,2016-06-08
345,2016-06-09
346,2016-06-10
347,2016-06-11
348,2016-06-12
349,2016-06-13
350,2016-06-14
351,2016-06-15
352,2016-06-16
353,2016-06-17
354,2016-06-18
355,2016-06-19
356,2016-06-20
357,2016-06-21
358,2016-06-22
359,2016-06-23
360,2016-06-24
361,2016-06-25
362,2016-06-26
363,2016-06-27
364,2016-06-28
365,2016-06-29
366,2016-06-30
367,2016-07-01
368,2016-07-02
369,2016-07-03
370,2016-07-04
371,2016-07-05
372,2016-07-06
373,2016-07-07
374,2016-07-08
375,2016-07-09
376,2016-07-10
377,2016-07-11
378,2016-07-12
379,2016-07-13
380,2016-07-14
381,2016-07-15
382,2016-07-16
383,2016-07-17
384,2016-07-18
385,2016-07-19
386,2016-07-20
387,2016-07-21
388,2016-07-22
389,2016-07-23
390,2016-07-24
391,2016-07-25
392,2016-07-26
393,2016-07-27
394,2016-07-28
395,2016-07-29
396,2016-07-30
397,2016-07-31
398,2016-08-01
399,2016-08-02
400,2016-08-03
401,2016-08-04
402,2016-08-05
403,2016-08-06
404,2016-08-07
405,2016-08-08
406,2016-08-09
407,2016-08-10
408,2016-08-11
409,2016-08-12
410,2016-08-13
411,2016-08-14
412,2016-08-15
413,2016-08-16
414,2016-08-17
415,2016-08-18
416,2016-08-19
417,2016-08-20
418,2016-08-21
419,2016-08-22
420,2016-08-23
421,2016-08-24
422,2016-08-25
423,2016-08-26
424,2016-08-27
425,2016-08-28
426,2016-08-29
427,2016-08-30
428,2016-08-31
429,2016-09-01
430,2016-09-02
431,2016-09-03
432,2016-09-04
433,2016-09-05
434,2016-09-06
435,2016-09-07
436,2016-09-08
437,2016-09-09
438,2016-09-10
439,2016-09-11
440,2016-09-12
441,2016-09-13
442,2016-09-14
443,2016-09-15
444,2016-09-16
445,2016-09-17
446,2016-09-18
447,2016-09-19
448,2016-09-20
449,2016-09-21
450,2016-09-22
451,2016-09-23
452,2016-09-24
453,2016-09-25
454,2016-09-26
455,2016-09-27
456,2016-09-28
457,2016-09-29
458,2016-09-30
459,2016-10-01
460,2016-10-02
461,2016-10-03
462,2016-10-04
463,2016-10-05
464,2016-10-06
465,2016-10-07
466,2016-10-08
467,2016-10-09
468,2016-10-10
469,2016-10-11
470,2016-10-12
471,2016-10-13
472,2016-10-14
473,2016-10-15
474,2016-10-16
475,2016-10-17
476,2016-10-18
477,2016-10-19
478,2016-10-20
479,2016-10-21
480,2016-10-22
481,2016-10-23
482,2016-10-24
483,2016-10-25
484,2016-10-26
485,2016-10-27
486,2016-10-28
487,2016-10-29
488,2016-10-30
489,2016-10-31
490,2016-11-01
491,2016-11-02
492,2016-11-03
493,2016-11-04
494,2016-11-05
495,2016-11-06
496,2016-11-07
497,2016-11-08
498,2016-11-09
499,2016-11-10
500,2016-11-11
501,2016-11-12
502,2016-11-13
503,2016-11-14
504,2016-11-15
505,2016-11-16
506,2016-11-17
507,2016-11-18
508,2016-11-19
509,2016-11-20
510,2016-11-21
511,2016-11-22
512,2016-11-23
513,2016-11-24
514,2016-11-25
515,2016-11-26
516,2016-11-27
517,2016-11-28
518,2016-11-29
519,2016-11-30
520,2016-12-01
521,2016-12-02
522,2016-12-03
523,2016-12-04
524,2016-12-05
525,2016-12-06
526,2016-12-07
527,2016-12-08
528,2016-12-09
529,2016-12-10
530,2016-12-11
531,2016-12-12
532,2016-12-13
533,2016-12-14
534,2016-12-15
535,2016-12-16
536,2016-12-17
537,2016-12-18
538,2016-12-19
539,2016-12-20
540,2016-12-21
541,2016-12-22
542,2016-12-23
543,2016-12-24
544,2016-12-25
545,2016-12-26
546,2016-12-27
547,2016-12-28
548,2016-12-29
549,2016-12-30
550,2016-12-31
551,2017-01-01
552,2017-01-02
553,2017-01-03
554,2017-01-04
555,2017-01-05
556,2017-01-06
557,2017-01-07
558,2017-01-08
559,2017-01-09
560,2017-01-10
561,2017-01-11
562,2017-01-12
563,2017-01-13
564,2017-01-14
565,2017-01-15
566,2017-01-16
567,2017-01-17
568,2017-01-18
569,2017-01-19
570,2017-01-20
571,2017-01-21
572,2017-01-22
573,2017-01-23
574,2017-01-24
575,2017-01-25
576,2017-01-26
577,2017-01-27
578,2017-01-28
579,2017-01-29
580,2017-01-30
581,2017-01-31
582,2017-02-01
583,2017-02-02
584,2017-02-03
585,2017-02-04
586,2017-02-05
587,2017-02-06
588,2017-02-07
589,2017-02-08
590,2017-02-09
591,2017-02-10
592,2017-02-11
593,2017-02-12
594,2017-02-13
595,2017-02-14
596,2017-02-15
597,2017-02-16
598,2017-02-17
599,2017-02-18
600,2017-02-19
601,2017-02-20
602,2017-02-21
603,2017-02-22
604,2017-02-23
605,2017-02-24
606,2017-02-25
607,2017-02-26
608,2017-02-27
609,2017-02-28
610,2017-03-01
611,2017-03-02
612,2017-03-03
613,2017-03-04
614,2017-03-05
615,2017-03-06
616,2017-03-07
617,2017-03-08
618,2017-03-09
619,2017-03-10
620,2017-03-11
621,2017-03-12
622,2017-03-13
623,2017-03-14
624,2017-03-15
625,2017-03-16
626,2017-03-17
627,2017-03-18
628,2017-03-19
629,2017-03-20
630,2017-03-21
631,2017-03-22
632,2017-03-23
633,2017-03-24
634,2017-03-25
635,2017-03-26
636,2017-03-27
637,2017-03-28
638,2017-03-29
639,2017-03-30
640,2017-03-31
641,2017-04-01
642,2017-04-02
643,2017-04-03
644,2017-04-04
645,2017-04-05
646,2017-04-06
647,2017-04-07
648,2017-04-08
649,2017-04-09
650,2017-04-10
651,2017-04-11
652,2017-04-12
653,2017-04-13
654,2017-04-14
655,2017-04-15
656,2017-04-16
657,2017-04-17
658,2017-04-18
659,2017-04-19
660,2017-04-20
661,2017-04-21
662,2017-04-22
663,2017-04-23
664,2017-04-24
665,2017-04-25
666,2017-04-26
667,2017-04-27
668,2017-04-28
669,2017-04-29
670,2017-04-30
671,2017-05-01
672,2017-05-02
673,2017-05-03
674,2017-05-04
675,2017-05-05
676,2017-05-06
677,2017-05-07
678,2017-05-08
679,2017-05-09
680,2017-05-10
681,2017-05-11
682,2017-05-12
683,2017-05-13
684,2017-05-14
685,2017-05-15
686,2017-05-16
687,2017-05-17
688,2017-05-18
689,2017-05-19
690,2017-05-20
691,2017-05-21
692,2017-05-22
693,2017-05-23
694,2017-05-24
695,2017-05-25
696,2017-05-26
697,2017-05-27
698,2017-05-28
699,2017-05-29
700,2017-05-30
701,2017-05-31
702,2017-06-01
703,2017-06-02
704,2017-06-03
705,2017-06-04
706,2017-06-05
707,2017-06-06
708,2017-06-07
709,2017-06-08
710,2017-06-09
711,2017-06-10
712,2017-06-11
713,2017-06-12
714,2017-06-13
715,2017-06-14
716,2017-06-15
717,2017-06-16
718,2017-06-17
719,2017-06-18
720,2017-06-19
721,2017-06-20
722,2017-06-21
723,2017-06-22
724,2017-06-23
725,2017-06-24
726,2017-06-25
727,2017-06-26
728,2017-06-27
729,2017-06-28
730,2017-06-29
731,2017-06-30
732,2017-07-01
733,2017-07-02
734,2017-07-03
735,2017-07-04
736,2017-07-05
737,2017-07-06
738,2017-07-07
739,2017-07-08
740,2017-07-09
741,2017-07-10
742,2017-07-11
743,2017-07-12
744,2017-07-13
745,2017-07-14
746,2017-07-15
747,2017-07-16
748,2017-07-17
749,2017-07-18
750,2017-07-19
751,2017-07-20
752,2017-07-21
753,2017-07-22
754,2017-07-23
755,2017-07-24
756,2017-07-25
757,2017-07-26
758,2017-07-27
759,2017-07-28
760,2017-07-29
761,2017-07-30
762,2017-07-31
763,2017-08-01
764,2017-08-02
765,2017-08-03
766,2017-08-04
767,2017-08-05
768,2017-08-06
769,2017-08-07
770,2017-08-08
771,2017-08-09
772,2017-08-10
773,2017-08-11
774,2017-08-12
775,2017-08-13
776,2017-08-14
777,2017-08-15
778,2017-08-16
779,2017-08-17
780,2017-08-18
781,2017-08-19
782,2017-08-20
783,2017-08-21
784,2017-08-22
785,2017-08-23
786,2017-08-24
787,2017-08-25
788,2017-08-26
789,2017-08-27
790,2017-08-28
791,2017-08-29
792,2017-08-30
793,2017-08-31
794,2017-09-01
795,2017-09-02
796,2017-09-03
797,2017-09-04
798,2017-09-05
799,2017-09-06
800,2017-09-07
801,2017-09-08
802,2017-09-09
803,2017-09-10
804,2017-09-11
805,2017-09-12
806,2017-09-13
807,2017-09-14
808,2017-09-15
809,2017-09-16
810,2017-09-17
811,2017-09-18
812,2017-09-19
813,2017-09-20
814,2017-09-21
815,2017-09-22
816,2017-09-23
817,2017-09-24
818,2017-09-25
819,2017-09-26
820,2017-09-27
821,2017-09-28
822,2017-09-29
823,2017-09-30
824,2017-10-01
825,2017-10-02
826,2017-10-03
827,2017-10-04
828,2017-10-05
829,2017-10-06
830,2017-10-07
831,2017-10-08
832,2017-10-09
833,2017-10-10
834,2017-10-11
835,2017-10-12
836,2017-10-13
837,2017-10-14
838,2017-10-15
839,2017-10-16
840,2017-10-17
841,2017-10-18
842,2017-10-19
843,2017-10-20
844,2017-10-21
845,2017-10-22
846,2017-10-23
847,2017-10-24
848,2017-10-25
849,2017-10-26
850,2017-10-27
851,2017-10-28
852,2017-10-29
853,2017-10-30
854,2017-10-31
855,2017-11-01
856,2017-11-02
857,2017-11-03
858,2017-11-04
859,2017-11-05
860,2017-11-06
861,2017-11-07
862,2017-11-08
863,2017-11-09
864,2017-11-10
865,2017-11-11
866,2017-11-12
867,2017-11-13
868,2017-11-14
869,2017-11-15
870,2017-11-16
871,2017-11-17
872,2017-11-18
873,2017-11-19
874,2017-11-20
875,2017-11-21
876,2017-11-22
877,2017-11-23
878,2017-11-24
879,2017-11-25
880,2017-11-26
881,2017-11-27
882,2017-11-28
883,2017-11-29
884,2017-11-30
885,2017-12-01
886,2017-12-02
887,2017-12-03
888,2017-12-04
889,2017-12-05
890,2017-12-06
891,2017-12-07
892,2017-12-08
893,2017-12-09
894,2017-12-10
895,2017-12-11
896,2017-12-12
897,2017-12-13
898,2017-12-14
899,2017-12-15
900,2017-12-16
901,2017-12-17
902,2017-12-18
903,2017-12-19
904,2017-12-20
905,2017-12-21
906,2017-12-22
907,2017-12-23
908,2017-12-24
909,2017-12-25
910,2017-12-26
911,2017-12-27
912,2017-12-28
913,2017-12-29
914,2017-12-30
915,2017-12-31
916,2018-01-01
917,2018-01-02
918,2018-01-03
919,2018-01-04
920,2018-01-05
921,2018-01-06
922,2018-01-07
923,2018-01-08
924,2018-01-09
925,2018-01-10
926,2018-01-11
927,2018-01-12
928,2018-01-13
929,2018-01-14
930,2018-01-15
931,2018-01-16
932,2018-01-17
933,2018-01-18
934,2018-01-19
935,2018-01-20
936,2018-01-21
937,2018-01-22
938,2018-01-23
939,2018-01-24
940,2018-01-25
941,2018-01-26
942,2018-01-27
943,2018-01-28
944,2018-01-29
945,2018-01-30
946,2018-01-31
947,2018-02-01
948,2018-02-02
949,2018-02-03
950,2018-02-04
951,2018-02-05
952,2018-02-06
953,2018-02-07
954,2018-02-08
955,2018-02-09
956,2018-02-10
957,2018-02-11
958,2018-02-12
959,2018-02-13
960,2018-02-14
961,2018-02-15
962,2018-02-16
963,2018-02-17
964,2018-02-18
965,2018-02-19
966,2018-02-20
967,2018-02-21
968,2018-02-22
969,2018-02-23
970,2018-02-24
971,2018-02-25
972,2018-02-26
973,2018-02-27
974,2018-02-28
975,2018-03-01
976,2018-03-02
977,2018-03-03
978,2018-03-04
979,2018-03-05
980,2018-03-06
981,2018-03-07
982,2018-03-08
983,2018-03-09
984,2018-03-10
985,2018-03-11
986,2018-03-12
987,2018-03-13
988,2018-03-14
989,2018-03-15
990,2018-03-16
991,2018-03-17
992,2018-03-18
993,2018-03-19
994,2018-03-20
995,2018-03-21
996,2018-03-22
997,2018-03-23
998,2018-03-24
999,2018-03-25
1000,2018-03-26
1001,2018-03-27
1002,2018-03-28
1003,2018-03-29
1004,2018-03-30
1005,2018-03-31
1006,2018-04-01
1007,2018-04-02
1008,2018-04-03
1009,2018-04-04
1010,2018-04-05
1011,2018-04-06
1012,2018-04-07
1013,2018-04-08
1014,2018-04-09
1015,2018-04-10
1016,2018-04-11
1017,2018-04-12
1018,2018-04-13
1019,2018-04-14
1020,2018-04-15
1021,2018-04-16
1022,2018-04-17
1023,2018-04-18
1024,2018-04-19
1025,2018-04-20
1026,2018-04-21
1027,2018-04-22
1028,2018-04-23
1029,2018-04-24
1030,2018-04-25
1031,2018-04-26
1032,2018-04-27
1033,2018-04-28
1034,2018-04-29
1035,2018-04-30
1036,2018-05-01
1037,2018-05-02
1038,2018-05-03
1039,2018-05-04
1040,2018-05-05
1041,2018-05-06
1042,2018-05-07
1043,2018-05-08
1044,2018-05-09
1045,2018-05-10
1046,2018-05-11
1047,2018-05-12
1048,2018-05-13
1049,2018-05-14
1050,2018-05-15
1051,2018-05-16
1052,2018-05-17
1053,2018-05-18
1054,2018-05-19
1055,2018-05-20
1056,2018-05-21
1057,2018-05-22
1058,2018-05-23
1059,2018-05-24
1060,2018-05-25
1061,2018-05-26
1062,2018-05-27
1063,2018-05-28
1064,2018-05-29
1065,2018-05-30
1066,2018-05-31
1067,2018-06-01
1068,2018-06-02
1069,2018-06-03
1070,2018-06-04
1071,2018-06-05
1072,2018-06-06
1073,2018-06-07
1074,2018-06-08
1075,2018-06-09
1076,2018-06-10
1077,2018-06-11
1078,2018-06-12
1079,2018-06-13
1080,2018-06-14
1081,2018-06-15
1082,2018-06-16
1083,2018-06-17
1084,2018-06-18
1085,2018-06-19
1086,2018-06-20
1087,2018-06-21
1088,2018-06-22
1089,2018-06-23
1090,2018-06-24
1091,2018-06-25
1092,2018-06-26
1093,2018-06-27
1094,2018-06-28
1095,2018-06-29
1096,2018-06-30
1097,2018-07-01
1098,2018-07-02
1099,2018-07-03
1100,2018-07-04
1101,2018-07-05
1102,2018-07-06
1103,2018-07-07
1104,2018-07-08
1105,2018-07-09
1106,2018-07-10
1107,2018-07-11
1108,2018-07-12
1109,2018-07-13
1110,2018-07-14
1111,2018-07-15
1112,2018-07-16
1113,2018-07-17
1114,2018-07-18
1115,2018-07-19
1116,2018-07-20
1117,2018-07-21
1118,2018-07-22
1119,2018-07-23
1120,2018-07-24
1121,2018-07-25
1122,2018-07-26
1123,2018-07-27
1124,2018-07-28
1125,2018-07-29
1126,2018-07-30
1127,2018-07-31
1128,2018-08-01
1129,2018-08-02
1130,2018-08-03
1131,2018-08-04
1132,2018-08-05
1133,2018-08-06
1134,2018-08-07
1135,2018-08-08
1136,2018-08-09
1137,2018-08-10
1138,2018-08-11
1139,2018-08-12
1140,2018-08-13
1141,2018-08-14
1142,2018-08-15
1143,2018-08-16
1144,2018-08-17
1145,2018-08-18
1146,2018-08-19
1147,2018-08-20
1148,2018-08-21
1149,2018-08-22
1150,2018-08-23
1151,2018-08-24
1152,2018-08-25
1153,2018-08-26
1154,2018-08-27
1155,2018-08-28
1156,2018-08-29
1157,2018-08-30
1158,2018-08-31
1159,2018-09-01
1160,2018-09-02
1161,2018-09-03
1162,2018-09-04
1163,2018-09-05
1164,2018-09-06
1165,2018-09-07
1166,2018-09-08
1167,2018-09-09
1168,2018-09-10
1169,2018-09-11
1170,2018-09-12
1171,2018-09-13
1172,2018-09-14
1173,2018-09-15
1174,2018-09-16
1175,2018-09-17
1176,2018-09-18
1177,2018-09-19
1178,2018-09-20
1179,2018-09-21
1180,2018-09-22
1181,2018-09-23
1182,2018-09-24
1183,2018-09-25
1184,2018-09-26
1185,2018-09-27
1186,2018-09-28
1187,2018-09-29
1188,2018-09-30
1189,2018-10-01
1190,2018-10-02
1191,2018-10-03
1192,2018-10-04
1193,2018-10-05
1194,2018-10-06
1195,2018-10-07
1196,2018-10-08
1197,2018-10-09
1198,2018-10-10
1199,2018-10-11
1200,2018-10-12
1201,2018-10-13
1202,2018-10-14
1203,2018-10-15
1204,2018-10-16
1205,2018-10-17
1206,2018-10-18
1207,2018-10-19
1208,2018-10-20
1209,2018-10-21
1210,2018-10-22
1211,2018-10-23
1212,2018-10-24
1213,2018-10-25
1214,2018-10-26
1215,2018-10-27
1216,2018-10-28
1217,2018-10-29
1218,2018-10-30
1219,2018-10-31
1220,2018-11-01
1221,2018-11-02
1222,2018-11-03
1223,2018-11-04
1224,2018-11-05
1225,2018-11-06
1226,2018-11-07
1227,2018-11-08
1228,2018-11-09
1229,2018-11-10
1230,2018-11-11
1231,2018-11-12
1232,2018-11-13
1233,2018-11-14
1234,2018-11-15
1235,2018-11-16
1236,2018-11-17
1237,2018-11-18
1238,2018-11-19
1239,2018-11-20
1240,2018-11-21
1241,2018-11-22
1242,2018-11-23
1243,2018-11-24
1244,2018-11-25
1245,2018-11-26
1246,2018-11-27
1247,2018-11-28
1248,2018-11-29
1249,2018-11-30
1250,2018-12-01
1251,2018-12-02
1252,2018-12-03
1253,2018-12-04
1254,2018-12-05
1255,2018-12-06
1256,2018-12-07
1257,2018-12-08
1258,2018-12-09
1259,2018-12-10
1260,2018-12-11
1261,2018-12-12
1262,2018-12-13
1263,2018-12-14
1264,2018-12-15
1265,2018-12-16
1266,2018-12-17
1267,2018-12-18
1268,2018-12-19
1269,2018-12-20
1270,2018-12-21
1271,2018-12-22
1272,2018-12-23
1273,2018-12-24
1274,2018-12-25
1275,2018-12-26
1276,2018-12-27
1277,2018-12-28
1278,2018-12-29
1279,2018-12-30
1280,2018-12-31
1281,2019-01-01
1282,2019-01-02
1283,2019-01-03
1284,2019-01-04
1285,2019-01-05
1286,2019-01-06
1287,2019-01-07
1288,2019-01-08
1289,2019-01-09
1290,2019-01-10
1291,2019-01-11
1292,2019-01-12
1293,2019-01-13
1294,2019-01-14
1295,2019-01-15
1296,2019-01-16
1297,2019-01-17
1298,2019-01-18
1299,2019-01-19
1300,2019-01-20
1301,2019-01-21
1302,2019-01-22
1303,2019-01-23
1304,2019-01-24
1305,2019-01-25
1306,2019-01-26
1307,2019-01-27
1308,2019-01-28
1309,2019-01-29
1310,2019-01-30
1311,2019-01-31
1312,2019-02-01
1313,2019-02-02
1314,2019-02-03
1315,2019-02-04
1316,2019-02-05
1317,2019-02-06
1318,2019-02-07
1319,2019-02-08
1320,2019-02-09
1321,2019-02-10
1322,2019-02-11
1323,2019-02-12
1324,2019-02-13
1325,2019-02-14
1326,2019-02-15
1327,2019-02-16
1328,2019-02-17
1329,2019-02-18
1330,2019-02-19
1331,2019-02-20
1332,2019-02-21
1333,2019-02-22
1334,2019-02-23
1335,2019-02-24
1336,2019-02-25
1337,2019-02-26
1338,2019-02-27
1339,2019-02-28
1340,2019-03-01
1341,2019-03-02
1342,2019-03-03
1343,2019-03-04
1344,2019-03-05
1345,2019-03-06
1346,2019-03-07
1347,2019-03-08
1348,2019-03-09
1349,2019-03-10
1350,2019-03-11
1351,2019-03-12
1352,2019-03-13
1353,2019-03-14
1354,2019-03-15
1355,2019-03-16
1356,2019-03-17
1357,2019-03-18
1358,2019-03-19
1359,2019-03-20
1360,2019-03-21
1361,2019-03-22
1362,2019-03-23
1363,2019-03-24
1364,2019-03-25
1365,2019-03-26
1366,2019-03-27
1367,2019-03-28
1368,2019-03-29
1369,2019-03-30
1370,2019-03-31
1371,2019-04-01
1372,2019-04-02
1373,2019-04-03
1374,2019-04-04
1375,2019-04-05
1376,2019-04-06
1377,2019-04-07
1378,2019-04-08
1379,2019-04-09
1380,2019-04-10
1381,2019-04-11
1382,2019-04-12
1383,2019-04-13
1384,2019-04-14
1385,2019-04-15
1386,2019-04-16
1387,2019-04-17
1388,2019-04-18
1389,2019-04-19
1390,2019-04-20
1391,2019-04-21
1392,2019-04-22
1393,2019-04-23
1394,2019-04-24
1395,2019-04-25
1396,2019-04-26
1397,2019-04-27
1398,2019-04-28
1399,2019-04-29
1400,2019-04-30
1401,2019-05-01
1402,2019-05-02
1403,2019-05-03
1404,2019-05-04
1405,2019-05-05
1406,2019-05-06
1407,2019-05-07
1408,2019-05-08
1409,2019-05-09
1410,2019-05-10
1411,2019-05-11
1412,2019-05-12
1413,2019-05-13
1414,2019-05-14
1415,2019-05-15
1416,2019-05-16
1417,2019-05-17
1418,2019-05-18
1419,2019-05-19
1420,2019-05-20
1421,2019-05-21
1422,2019-05-22
1423,2019-05-23
1424,2019-05-24
1425,2019-05-25
1426,2019-05-26
1427,2019-05-27
1428,2019-05-28
1429,2019-05-29
1430,2019-05-30
1431,2019-05-31
1432,2019-06-01
1433,2019-06-02
1434,2019-06-03
1435,2019-06-04
1436,2019-06-05
1437,2019-06-06
1438,2019-06-07
1439,2019-06-08
1440,2019-06-09
1441,2019-06-10
1442,2019-06-11
1443,2019-06-12
1444,2019-06-13
1445,2019-06-14
1446,2019-06-15
1447,2019-06-16
1448,2019-06-17
1449,2019-06-18
1450,2019-06-19
1451,2019-06-20
1452,2019-06-21
1453,2019-06-22
1454,2019-06-23
1455,2019-06-24
1456,2019-06-25
1457,2019-06-26
1458,2019-06-27
1459,2019-06-28
1460,2019-06-29
1461,2019-06-30
1462,2019-07-01
1463,2019-07-02
1464,2019-07-03
1465,2019-07-04
1466,2019-07-05
1467,2019-07-06
1468,2019-07-07
1469,2019-07-08
1470,2019-07-09
1471,2019-07-10
1472,2019-07-11
1473,2019-07-12
1474,2019-07-13
1475,2019-07-14
1476,2019-07-15
1477,2019-07-16
1478,2019-07-17
1479,2019-07-18
1480,2019-07-19
1481,2019-07-20
1482,2019-07-21
1483,2019-07-22
1484,2019-07-23
1485,2019-07-24
1486,2019-07-25
1487,2019-07-26
1488,2019-07-27
1489,2019-07-28
1490,2019-07-29
1491,2019-07-30
1492,2019-07-31
1493,2019-08-01
1494,2019-08-02
1495,2019-08-03
1496,2019-08-04
1497,2019-08-05
1498,2019-08-06
1499,2019-08-07
1500,2019-08-08
1501,2019-08-09
1502,2019-08-10
1503,2019-08-11
1504,2019-08-12
1505,2019-08-13
1506,2019-08-14
1507,2019-08-15
1508,2019-08-16
1509,2019-08-17
1510,2019-08-18
1511,2019-08-19
1512,2019-08-20
1513,2019-08-21
1514,2019-08-22
1515,2019-08-23
1516,2019-08-24
1517,2019-08-25
1518,2019-08-26
1519,2019-08-27
1520,2019-08-28
1521,2019-08-29
1522,2019-08-30
1523,2019-08-31
1524,2019-09-01
1525,2019-09-02
1526,2019-09-03
1527,2019-09-04
1528,2019-09-05
1529,2019-09-06
1530,2019-09-07
1531,2019-09-08
1532,2019-09-09
1533,2019-09-10
1534,2019-09-11
1535,2019-09-12
1536,2019-09-13
1537,2019-09-14
1538,2019-09-15
1539,2019-09-16
1540,2019-09-17
1541,2019-09-18
1542,2019-09-19
1543,2019-09-20
1544,2019-09-21
1545,2019-09-22
1546,2019-09-23
1547,2019-09-24
1548,2019-09-25
1549,2019-09-26
1550,2019-09-27
1551,2019-09-28
1552,2019-09-29
1553,2019-09-30
1554,2019-10-01
1555,2019-10-02
1556,2019-10-03
1557,2019-10-04
1558,2019-10-05
1559,2019-10-06
1560,2019-10-07
1561,2019-10-08
1562,2019-10-09
1563,2019-10-10
1564,2019-10-11
1565,2019-10-12
1566,2019-10-13
1567,2019-10-14
1568,2019-10-15
1569,2019-10-16
1570,2019-10-17
1571,2019-10-18
1572,2019-10-19
1573,2019-10-20
1574,2019-10-21
1575,2019-10-22
1576,2019-10-23
1577,2019-10-24
1578,2019-10-25
1579,2019-10-26
1580,2019-10-27
1581,2019-10-28
1582,2019-10-29
1583,2019-10-30
1584,2019-10-31
1585,2019-11-01
1586,2019-11-02
1587,2019-11-03
1588,2019-11-04
1589,2019-11-05
1590,2019-11-06
1591,2019-11-07
1592,2019-11-08
1593,2019-11-09
1594,2019-11-10
1595,2019-11-11
1596,2019-11-12
1597,2019-11-13
1598,2019-11-14
1599,2019-11-15
1600,2019-11-16
1601,2019-11-17
1602,2019-11-18
1603,2019-11-19
1604,2019-11-20
1605,2019-11-21
1606,2019-11-22
1607,2019-11-23
1608,2019-11-24
1609,2019-11-25
1610,2019-11-26
1611,2019-11-27
1612,2019-11-28
1613,2019-11-29
1614,2019-11-30
1615,2019-12-01
1616,2019-12-02
1617,2019-12-03
1618,2019-12-04
1619,2019-12-05
1620,2019-12-06
1621,2019-12-07
1622,2019-12-08
1623,2019-12-09
1624,2019-12-10
1625,2019-12-11
1626,2019-12-12
1627,2019-12-13
1628,2019-12-14
1629,2019-12-15
1630,2019-12-16
1631,2019-12-17
1632,2019-12-18
1633,2019-12-19
1634,2019-12-20
1635,2019-12-21
1636,2019-12-22
1637,2019-12-23
1638,2019-12-24
1639,2019-12-25
1640,2019-12-26
1641,2019-12-27
1642,2019-12-28
1643,2019-12-29
1644,2019-12-30
1645,2019-12-31
1646,2020-01-01
1647,2020-01-02
1648,2020-01-03
1649,2020-01-04
1650,2020-01-05
1651,2020-01-06
1652,2020-01-07
1653,2020-01-08
1654,2020-01-09
1655,2020-01-10
1656,2020-01-11
1657,2020-01-12
1658,2020-01-13
1659,2020-01-14
1660,2020-01-15
1661,2020-01-16
1662,2020-01-17
1663,2020-01-18
1664,2020-01-19
1665,2020-01-20
1666,2020-01-21
1667,2020-01-22
1668,2020-01-23
1669,2020-01-24
1670,2020-01-25
1671,2020-01-26
1672,2020-01-27
1673,2020-01-28
1674,2020-01-29
1675,2020-01-30
1676,2020-01-31
1677,2020-02-01
1678,2020-02-02
1679,2020-02-03
1680,2020-02-04
1681,2020-02-05
1682,2020-02-06
1683,2020-02-07
1684,2020-02-08
1685,2020-02-09
1686,2020-02-10
1687,2020-02-11
1688,2020-02-12
1689,2020-02-13
1690,2020-02-14
1691,2020-02-15
1692,2020-02-16
1693,2020-02-17
1694,2020-02-18
1695,2020-02-19
1696,2020-02-20
1697,2020-02-21
1698,2020-02-22
1699,2020-02-23
1700,2020-02-24
1701,2020-02-25
1702,2020-02-26
1703,2020-02-27
1704,2020-02-28
1705,2020-02-29
1706,2020-03-01
1707,2020-03-02
1708,2020-03-03
1709,2020-03-04
1710,2020-03-05
1711,2020-03-06
1712,2020-03-07
1713,2020-03-08
1714,2020-03-09
1715,2020-03-10
1716,2020-03-11
1717,2020-03-12
1718,2020-03-13
1719,2020-03-14
1720,2020-03-15
1721,2020-03-16
1722,2020-03-17
1723,2020-03-18
1724,2020-03-19
1725,2020-03-20
1726,2020-03-21
1727,2020-03-22
1728,2020-03-23
1729,2020-03-24
1730,2020-03-25
1731,2020-03-26
1732,2020-03-27
1733,2020-03-28
1734,2020-03-29
1735,2020-03-30
1736,2020-03-31
1737,2020-04-01
1738,2020-04-02
1739,2020-04-03
1740,2020-04-04
1741,2020-04-05
1742,2020-04-06
1743,2020-04-07
1744,2020-04-08
1745,2020-04-09
1746,2020-04-10
1747,2020-04-11
1748,2020-04-12
1749,2020-04-13
1750,2020-04-14
1751,2020-04-15
1752,2020-04-16
1753,2020-04-17
1754,2020-04-18
1755,2020-04-19
1756,2020-04-20
1757,2020-04-21
1758,2020-04-22
1759,2020-04-23
1760,2020-04-24
1761,2020-04-25
1762,2020-04-26
1763,2020-04-27
1764,2020-04-28
1765,2020-04-29
1766,2020-04-30
1767,2020-05-01
1768,2020-05-02
1769,2020-05-03
1770,2020-05-04
1771,2020-05-05
1772,2020-05-06
1773,2020-05-07
1774,2020-05-08
1775,2020-05-09
1776,2020-05-10
1777,2020-05-11
1778,2020-05-12
1779,2020-05-13
1780,2020-05-14
1781,2020-05-15
1782,2020-05-16
1783,2020-05-17
1784,2020-05-18
1785,2020-05-19
1786,2020-05-20
1787,2020-05-21
1788,2020-05-22
1789,2020-05-23
1790,2020-05-24
1791,2020-05-25
1792,2020-05-26
1793,2020-05-27
1794,2020-05-28
1795,2020-05-29
1796,2020-05-30
1797,2020-05-31
1798,2020-06-01
1799,2020-06-02
1800,2020-06-03
1801,2020-06-04
1802,2020-06-05
1803,2020-06-06
1804,2020-06-07
1805,2020-06-08
1806,2020-06-09
1807,2020-06-10
1808,2020-06-11
1809,2020-06-12
1810,2020-06-13
1811,2020-06-14
1812,2020-06-15
1813,2020-06-16
1814,2020-06-17
1815,2020-06-18
1816,2020-06-19
1817,2020-06-20
1818,2020-06-21
1819,2020-06-22
1820,2020-06-23
1821,2020-06-24
1822,2020-06-25
1823,2020-06-26
1824,2020-06-27
1825,2020-06-28
1826,2020-06-29
1827,2020-06-30
1828,2020-07-01
1829,2020-07-02
1830,2020-07-03
1831,2020-07-04
1832,2020-07-05
1833,2020-07-06
1834,2020-07-07
1835,2020-07-08
1836,2020-07-09
1837,2020-07-10
1838,2020-07-11
1839,2020-07-12
1840,2020-07-13
1841,2020-07-14
1842,2020-07-15
1843,2020-07-16
1844,2020-07-17
1845,2020-07-18
1846,2020-07-19
1847,2020-07-20
1848,2020-07-21
1849,2020-07-22
1850,2020-07-23
1851,2020-07-24
1852,2020-07-25
1853,2020-07-26
1854,2020-07-27
1855,2020-07-28
1856,2020-07-29
1857,2020-07-30
1858,2020-07-31
1859,2020-08-01
1860,2020-08-02
1861,2020-08-03
1862,2020-08-04
1863,2020-08-05
1864,2020-08-06
1865,2020-08-07
1866,2020-08-08
1867,2020-08-09
1868,2020-08-10
1869,2020-08-11
1870,2020-08-12
1871,2020-08-13
1872,2020-08-14
1873,2020-08-15
1874,2020-08-16
1875,2020-08-17
1876,2020-08-18
1877,2020-08-19
1878,2020-08-20
1879,2020-08-21
1880,2020-08-22
1881,2020-08-23
1882,2020-08-24
1883,2020-08-25
1884,2020-08-26
1885,2020-08-27
1886,2020-08-28
1887,2020-08-29
1888,2020-08-30
1889,2020-08-31
1890,2020-09-01
1891,2020-09-02
1892,2020-09-03
1893,2020-09-04
1894,2020-09-05
1895,2020-09-06
1896,2020-09-07
1897,2020-09-08
1898,2020-09-09
1899,2020-09-10
1900,2020-09-11
1901,2020-09-12
1902,2020-09-13
1903,2020-09-14
1904,2020-09-15
1905,2020-09-16
1906,2020-09-17
1907,2020-09-18
1908,2020-09-19
1909,2020-09-20
1910,2020-09-21
1911,2020-09-22
1912,2020-09-23
1913,2020-09-24
1914,2020-09-25
1915,2020-09-26
1916,2020-09-27
1917,2020-09-28
1918,2020-09-29
1919,2020-09-30
1920,2020-10-01
1921,2020-10-02
1922,2020-10-03
1923,2020-10-04
1924,2020-10-05
1925,2020-10-06
1926,2020-10-07
1927,2020-10-08
1928,2020-10-09
1929,2020-10-10
1930,2020-10-11
1931,2020-10-12
1932,2020-10-13
1933,2020-10-14
1934,2020-10-15
1935,2020-10-16
1936,2020-10-17
1937,2020-10-18
1938,2020-10-19
1939,2020-10-20
1940,2020-10-21
1941,2020-10-22
1942,2020-10-23
1943,2020-10-24
1944,2020-10-25
1945,2020-10-26
1946,2020-10-27
1947,2020-10-28
1948,2020-10-29
1949,2020-10-30
1950,2020-10-31
1951,2020-11-01
1952,2020-11-02
1953,2020-11-03
1954,2020-11-04
1955,2020-11-05
1956,2020-11-06
1957,2020-11-07
1958,2020-11-08
1959,2020-11-09
1960,2020-11-10
1961,2020-11-11
1962,2020-11-12
1963,2020-11-13
1964,2020-11-14
1965,2020-11-15
1966,2020-11-16
1967,2020-11-17
1968,2020-11-18
1969,2020-11-19
1970,2020-11-20
1971,2020-11-21
1972,2020-11-22
1973,2020-11-23
1974,2020-11-24
1975,2020-11-25
1976,2020-11-26
1977,2020-11-27
1978,2020-11-28
1979,2020-11-29
1980,2020-11-30
1981,2020-12-01
1982,2020-12-02
1983,2020-12-03
1984,2020-12-04
1985,2020-12-05
1986,2020-12-06
1987,2020-12-07
1988,2020-12-08
1989,2020-12-09
1990,2020-12-10
1991,2020-12-11
1992,2020-12-12
1993,2020-12-13
1994,2020-12-14
1995,2020-12-15
1996,2020-12-16
1997,2020-12-17
1998,2020-12-18
1999,2020-12-19
2000,2020-12-20
2001,2020-12-21
2002,2020-12-22
2003,2020-12-23
2004,2020-12-24
2005,2020-12-25
2006,2020-12-26
2007,2020-12-27
2008,2020-12-28
2009,2020-12-29
2010,2020-12-30
2011,2020-12-31
2012,2021-01-01
2013,2021-01-02
2014,2021-01-03
2015,2021-01-04
2016,2021-01-05
2017,2021-01-06
2018,2021-01-07
2019,2021-01-08
2020,2021-01-09
2021,2021-01-10
2022,2021-01-11
2023,2021-01-12
2024,2021-01-13
2025,2021-01-14
2026,2021-01-15
2027,2021-01-16
2028,2021-01-17
2029,2021-01-18
2030,2021-01-19
2031,2021-01-20
2032,2021-01-21
2033,2021-01-22
2034,2021-01-23
2035,2021-01-24
2036,2021-01-25
2037,2021-01-26
2038,2021-01-27
2039,2021-01-28
2040,2021-01-29
2041,2021-01-30
2042,2021-01-31
2043,2021-02-01
2044,2021-02-02
2045,2021-02-03
2046,2021-02-04
2047,2021-02-05
2048,2021-02-06
2049,2021-02-07
2050,2021-02-08
2051,2021-02-09
2052,2021-02-10
2053,2021-02-11
2054,2021-02-12
2055,2021-02-13
2056,2021-02-14
2057,2021-02-15
2058,2021-02-16
2059,2021-02-17
2060,2021-02-18
2061,2021-02-19
2062,2021-02-20
2063,2021-02-21
2064,2021-02-22
2065,2021-02-23
2066,2021-02-24
2067,2021-02-25
2068,2021-02-26
2069,2021-02-27
2070,2021-02-28
2071,2021-03-01
2072,2021-03-02
2073,2021-03-03
2074,2021-03-04
2075,2021-03-05
2076,2021-03-06
2077,2021-03-07
2078,2021-03-08
2079,2021-03-09
2080,2021-03-10
2081,2021-03-11
2082,2021-03-12
2083,2021-03-13
2084,2021-03-14
2085,2021-03-15
2086,2021-03-16
2087,2021-03-17
2088,2021-03-18
2089,2021-03-19
2090,2021-03-20
2091,2021-03-21
2092,2021-03-22
2093,2021-03-23
2094,2021-03-24
2095,2021-03-25
2096,2021-03-26
2097,2021-03-27
2098,2021-03-28
2099,2021-03-29
2100,2021-03-30
2101,2021-03-31
2102,2021-04-01
2103,2021-04-02
2104,2021-04-03
2105,2021-04-04
2106,2021-04-05
2107,2021-04-06
2108,2021-04-07
2109,2021-04-08
2110,2021-04-09
2111,2021-04-10
2112,2021-04-11
2113,2021-04-12
2114,2021-04-13
2115,2021-04-14
2116,2021-04-15
2117,2021-04-16
2118,2021-04-17
2119,2021-04-18
2120,2021-04-19
2121,2021-04-20
2122,2021-04-21
2123,2021-04-22
2124,2021-04-23
2125,2021-04-24
2126,2021-04-25
2127,2021-04-26
2128,2021-04-27
2129,2021-04-28
2130,2021-04-29
2131,2021-04-30
2132,2021-05-01
2133,2021-05-02
2134,2021-05-03
2135,2021-05-04
2136,2021-05-05
2137,2021-05-06
2138,2021-05-07
2139,2021-05-08
2140,2021-05-09
2141,2021-05-10
2142,2021-05-11
2143,2021-05-12
2144,2021-05-13
2145,2021-05-14
2146,2021-05-15
2147,2021-05-16
2148,2021-05-17
2149,2021-05-18
2150,2021-05-19
2151,2021-05-20
2152,2021-05-21
2153,2021-05-22
2154,2021-05-23
2155,2021-05-24
2156,2021-05-25
2157,2021-05-26
2158,2021-05-27
2159,2021-05-28
2160,2021-05-29
2161,2021-05-30
2162,2021-05-31
2163,2021-06-01
2164,2021-06-02
2165,2021-06-03
2166,2021-06-04
2167,2021-06-05
2168,2021-06-06
2169,2021-06-07
2170,2021-06-08
2171,2021-06-09
2172,2021-06-10
2173,2021-06-11
2174,2021-06-12
2175,2021-06-13
2176,2021-06-14
2177,2021-06-15
2178,2021-06-16
2179,2021-06-17
2180,2021-06-18
2181,2021-06-19
2182,2021-06-20
2183,2021-06-21
2184,2021-06-22
2185,2021-06-23
2186,2021-06-24
2187,2021-06-25
2188,2021-06-26
2189,2021-06-27
2190,2021-06-28
2191,2021-06-29
2192,2021-06-30
2193,2021-07-01
2194,2021-07-02
2195,2021-07-03
2196,2021-07-04
2197,2021-07-05
2198,2021-07-06
2199,2021-07-07
2200,2021-07-08
2201,2021-07-09
2202,2021-07-10
2203,2021-07-11
2204,2021-07-12
2205,2021-07-13
2206,2021-07-14
2207,2021-07-15
2208,2021-07-16
2209,2021-07-17
2210,2021-07-18
2211,2021-07-19
2212,2021-07-20
2213,2021-07-21
2214,2021-07-22
2215,2021-07-23
2216,2021-07-24
2217,2021-07-25
2218,2021-07-26
2219,2021-07-27
2220,2021-07-28
2221,2021-07-29
2222,2021-07-30
2223,2021-07-31
2224,2021-08-01
2225,2021-08-02
2226,2021-08-03
2227,2021-08-04
2228,2021-08-05
2229,2021-08-06
2230,2021-08-07
2231,2021-08-08
2232,2021-08-09
2233,2021-08-10
2234,2021-08-11
2235,2021-08-12
2236,2021-08-13
2237,2021-08-14
2238,2021-08-15
2239,2021-08-16
2240,2021-08-17
2241,2021-08-18
2242,2021-08-19
2243,2021-08-20
2244,2021-08-21
2245,2021-08-22
2246,2021-08-23
2247,2021-08-24
2248,2021-08-25
2249,2021-08-26
2250,2021-08-27
2251,2021-08-28
2252,2021-08-29
2253,2021-08-30
2254,2021-08-31
2255,2021-09-01
2256,2021-09-02
2257,2021-09-03
2258,2021-09-04
2259,2021-09-05
2260,2021-09-06
2261,2021-09-07
2262,2021-09-08
2263,2021-09-09
2264,2021-09-10
2265,2021-09-11
2266,2021-09-12
2267,2021-09-13
2268,2021-09-14
2269,2021-09-15
2270,2021-09-16
2271,2021-09-17
2272,2021-09-18
2273,2021-09-19
2274,2021-09-20
2275,2021-09-21
2276,2021-09-22
2277,2021-09-23
2278,2021-09-24
2279,2021-09-25
2280,2021-09-26
2281,2021-09-27
2282,2021-09-28
2283,2021-09-29
2284,2021-09-30
2285,2021-10-01
2286,2021-10-02
2287,2021-10-03
2288,2021-10-04
2289,2021-10-05
2290,2021-10-06
2291,2021-10-07
2292,2021-10-08
2293,2021-10-09
2294,2021-10-10
2295,2021-10-11
2296,2021-10-12
2297,2021-10-13
2298,2021-10-14
2299,2021-10-15
2300,2021-10-16
2301,2021-10-17
2302,2021-10-18
2303,2021-10-19
2304,2021-10-20
2305,2021-10-21
2306,2021-10-22
2307,2021-10-23
2308,2021-10-24
2309,2021-10-25
2310,2021-10-26
2311,2021-10-27
2312,2021-10-28
2313,2021-10-29
2314,2021-10-30
2315,2021-10-31
2316,2021-11-01
2317,2021-11-02
2318,2021-11-03
2319,2021-11-04
2320,2021-11-05
2321,2021-11-06
2322,2021-11-07
2323,2021-11-08
2324,2021-11-09
2325,2021-11-10
2326,2021-11-11
2327,2021-11-12
2328,2021-11-13
2329,2021-11-14
2330,2021-11-15
2331,2021-11-16
2332,2021-11-17
2333,2021-11-18
2334,2021-11-19
2335,2021-11-20
2336,2021-11-21
2337,2021-11-22
2338,2021-11-23
2339,2021-11-24
2340,2021-11-25
2341,2021-11-26
2342,2021-11-27
2343,2021-11-28
2344,2021-11-29
2345,2021-11-30
2346,2021-12-01
2347,2021-12-02
2348,2021-12-03
2349,2021-12-04
2350,2021-12-05
2351,2021-12-06
2352,2021-12-07
2353,2021-12-08
2354,2021-12-09
2355,2021-12-10
2356,2021-12-11
2357,2021-12-12
2358,2021-12-13
2359,2021-12-14
2360,2021-12-15
2361,2021-12-16
2362,2021-12-17
2363,2021-12-18
2364,2021-12-19
2365,2021-12-20
2366,2021-12-21
2367,2021-12-22
2368,2021-12-23
2369,2021-12-24
2370,2021-12-25
2371,2021-12-26
2372,2021-12-27
2373,2021-12-28
2374,2021-12-29
2375,2021-12-30
2376,2021-12-31
2377,2022-01-01
2378,2022-01-02
2379,2022-01-03
2380,2022-01-04
2381,2022-01-05
2382,2022-01-06
2383,2022-01-07
2384,2022-01-08
2385,2022-01-09
2386,2022-01-10
2387,2022-01-11
2388,2022-01-12
2389,2022-01-13
2390,2022-01-14
2391,2022-01-15
2392,2022-01-16
2393,2022-01-17
2394,2022-01-18
2395,2022-01-19
2396,2022-01-20
2397,2022-01-21
2398,2022-01-22
2399,2022-01-23
2400,2022-01-24
2401,2022-01-25
2402,2022-01-26
2403,2022-01-27
2404,2022-01-28
2405,2022-01-29
2406,2022-01-30
2407,2022-01-31
2408,2022-02-01
2409,2022-02-02
2410,2022-02-03
2411,2022-02-04
2412,2022-02-05
2413,2022-02-06
2414,2022-02-07
2415,2022-02-08
2416,2022-02-09
2417,2022-02-10
2418,2022-02-11
2419,2022-02-12
2420,2022-02-13
2421,2022-02-14
2422,2022-02-15
2423,2022-02-16
2424,2022-02-17
2425,2022-02-18
2426,2022-02-19
2427,2022-02-20
2428,2022-02-21
2429,2022-02-22
2430,2022-02-23
2431,2022-02-24
2432,2022-02-25
2433,2022-02-26
2434,2022-02-27
2435,2022-02-28
2436,2022-03-01
2437,2022-03-02
2438,2022-03-03
2439,2022-03-04
2440,2022-03-05
2441,2022-03-06
2442,2022-03-07
2443,2022-03-08
2444,2022-03-09
2445,2022-03-10
2446,2022-03-11
2447,2022-03-12
2448,2022-03-13
2449,2022-03-14
2450,2022-03-15
2451,2022-03-16
2452,2022-03-17
2453,2022-03-18
2454,2022-03-19
2455,2022-03-20
2456,2022-03-21
2457,2022-03-22
2458,2022-03-23
2459,2022-03-24
2460,2022-03-25
2461,2022-03-26
2462,2022-03-27
2463,2022-03-28
2464,2022-03-29
2465,2022-03-30
2466,2022-03-31
2467,2022-04-01
2468,2022-04-02
2469,2022-04-03
2470,2022-04-04
2471,2022-04-05
2472,2022-04-06
2473,2022-04-07
2474,2022-04-08
2475,2022-04-09
2476,2022-04-10
2477,2022-04-11
2478,2022-04-12
2479,2022-04-13
2480,2022-04-14
2481,2022-04-15
2482,2022-04-16
2483,2022-04-17
2484,2022-04-18
2485,2022-04-19
2486,2022-04-20
2487,2022-04-21
2488,2022-04-22
2489,2022-04-23
2490,2022-04-24
2491,2022-04-25
2492,2022-04-26
2493,2022-04-27
2494,2022-04-28
2495,2022-04-29
2496,2022-04-30
2497,2022-05-01
2498,2022-05-02
2499,2022-05-03
2500,2022-05-04
2501,2022-05-05
2502,2022-05-06
2503,2022-05-07
2504,2022-05-08
2505,2022-05-09
2506,2022-05-10
2507,2022-05-11
2508,2022-05-12
2509,2022-05-13
2510,2022-05-14
2511,2022-05-15
2512,2022-05-16
2513,2022-05-17
2514,2022-05-18
2515,2022-05-19
2516,2022-05-20
2517,2022-05-21
2518,2022-05-22
2519,2022-05-23
2520,2022-05-24
2521,2022-05-25
2522,2022-05-26
2523,2022-05-27
2524,2022-05-28
2525,2022-05-29
2526,2022-05-30
2527,2022-05-31
2528,2022-06-01
2529,2022-06-02
2530,2022-06-03
2531,2022-06-04
2532,2022-06-05
2533,2022-06-06
2534,2022-06-07
2535,2022-06-08
2536,2022-06-09
2537,2022-06-10
2538,2022-06-11
2539,2022-06-12
2540,2022-06-13
2541,2022-06-14
2542,2022-06-15
2543,2022-06-16
2544,2022-06-17
2545,2022-06-18
2546,2022-06-19
2547,2022-06-20
2548,2022-06-21
2549,2022-06-22
2550,2022-06-23
2551,2022-06-24
2552,2022-06-25
2553,2022-06-26
2554,2022-06-27
2555,2022-06-28
2556,2022-06-29
2557,2022-06-30
2558,2022-07-01
2559,2022-07-02
2560,2022-07-03
2561,2022-07-04
2562,2022-07-05
2563,2022-07-06
2564,2022-07-07
2565,2022-07-08
2566,2022-07-09
2567,2022-07-10
2568,2022-07-11
2569,2022-07-12
2570,2022-07-13
2571,2022-07-14
2572,2022-07-15
2573,2022-07-16
2574,2022-07-17
2575,2022-07-18
2576,2022-07-19
2577,2022-07-20
2578,2022-07-21
2579,2022-07-22
2580,2022-07-23
2581,2022-07-24
2582,2022-07-25
2583,2022-07-26
2584,2022-07-27
2585,2022-07-28
2586,2022-07-29
2587,2022-07-30
2588,2022-07-31
2589,2022-08-01
2590,2022-08-02
2591,2022-08-03
2592,2022-08-04
2593,2022-08-05
2594,2022-08-06
2595,2022-08-07
2596,2022-08-08
2597,2022-08-09
2598,2022-08-10
2599,2022-08-11
2600,2022-08-12
2601,2022-08-13
2602,2022-08-14
2603,2022-08-15
2604,2022-08-16
2605,2022-08-17
2606,2022-08-18
2607,2022-08-19
2608,2022-08-20
2609,2022-08-21
2610,2022-08-22
2611,2022-08-23
2612,2022-08-24
2613,2022-08-25
2614,2022-08-26
2615,2022-08-27
2616,2022-08-28
2617,2022-08-29
2618,2022-08-30
2619,2022-08-31
2620,2022-09-01
2621,2022-09-02
2622,2022-09-03
2623,2022-09-04
2624,2022-09-05
2625,2022-09-06
2626,2022-09-07
2627,2022-09-08
2628,2022-09-09
2629,2022-09-10
2630,2022-09-11
2631,2022-09-12
2632,2022-09-13
2633,2022-09-14
2634,2022-09-15
2635,2022-09-16
2636,2022-09-17
2637,2022-09-18
2638,2022-09-19
2639,2022-09-20
2640,2022-09-21
2641,2022-09-22
2642,2022-09-23
2643,2022-09-24
2644,2022-09-25
2645,2022-09-26
2646,2022-09-27
2647,2022-09-28
2648,2022-09-29
2649,2022-09-30
2650,2022-10-01
2651,2022-10-02
2652,2022-10-03
2653,2022-10-04
2654,2022-10-05
2655,2022-10-06
2656,2022-10-07
2657,2022-10-08
2658,2022-10-09
2659,2022-10-10
2660,2022-10-11
2661,2022-10-12
2662,2022-10-13
2663,2022-10-14
2664,2022-10-15
2665,2022-10-16
2666,2022-10-17
2667,2022-10-18
2668,2022-10-19
2669,2022-10-20
2670,2022-10-21
2671,2022-10-22
2672,2022-10-23
2673,2022-10-24
2674,2022-10-25
2675,2022-10-26
2676,2022-10-27
2677,2022-10-28
2678,2022-10-29
2679,2022-10-30
2680,2022-10-31
2681,2022-11-01
2682,2022-11-02
2683,2022-11-03
2684,2022-11-04
2685,2022-11-05
2686,2022-11-06
2687,2022-11-07
2688,2022-11-08
2689,2022-11-09
2690,2022-11-10
2691,2022-11-11
2692,2022-11-12
2693,2022-11-13
2694,2022-11-14
2695,2022-11-15
2696,2022-11-16
2697,2022-11-17
2698,2022-11-18
2699,2022-11-19
2700,2022-11-20
2701,2022-11-21
2702,2022-11-22
2703,2022-11-23
2704,2022-11-24
2705,2022-11-25
2706,2022-11-26
2707,2022-11-27
2708,2022-11-28
2709,2022-11-29
2710,2022-11-30
2711,2022-12-01
2712,2022-12-02
2713,2022-12-03
2714,2022-12-04
2715,2022-12-05
2716,2022-12-06
2717,2022-12-07
2718,2022-12-08
2719,2022-12-09
2720,2022-12-10
2721,2022-12-11
2722,2022-12-12
2723,2022-12-13
2724,2022-12-14
2725,2022-12-15
2726,2022-12-16
2727,2022-12-17
2728,2022-12-18
2729,2022-12-19
2730,2022-12-20
2731,2022-12-21
2732,2022-12-22
2733,2022-12-23
2734,2022-12-24
2735,2022-12-25
2736,2022-12-26
2737,2022-12-27
2738,2022-12-28
2739,2022-12-29
2740,2022-12-30
2741,2022-12-31
2742,2023-01-01
2743,2023-01-02
2744,2023-01-03
2745,2023-01-04
2746,2023-01-05
2747,2023-01-06
2748,2023-01-07
2749,2023-01-08
2750,2023-01-09
2751,2023-01-10
2752,2023-01-11
2753,2023-01-12
2754,2023-01-13
2755,2023-01-14
2756,2023-01-15
2757,2023-01-16
2758,2023-01-17
2759,2023-01-18
2760,2023-01-19
2761,2023-01-20
2762,2023-01-21
2763,2023-01-22
2764,2023-01-23
2765,2023-01-24
2766,2023-01-25
2767,2023-01-26
2768,2023-01-27
2769,2023-01-28
2770,2023-01-29
2771,2023-01-30
2772,2023-01-31
2773,2023-02-01
2774,2023-02-02
2775,2023-02-03
2776,2023-02-04
2777,2023-02-05
2778,2023-02-06
2779,2023-02-07
2780,2023-02-08
2781,2023-02-09
2782,2023-02-10
2783,2023-02-11
2784,2023-02-12
2785,2023-02-13
2786,2023-02-14
2787,2023-02-15
2788,2023-02-16
2789,2023-02-17
2790,2023-02-18
2791,2023-02-19
2792,2023-02-20
2793,2023-02-21
2794,2023-02-22
2795,2023-02-23
2796,2023-02-24
2797,2023-02-25
2798,2023-02-26
2799,2023-02-27
2800,2023-02-28
2801,2023-03-01
2802,2023-03-02
2803,2023-03-03
2804,2023-03-04
2805,2023-03-05
2806,2023-03-06
2807,2023-03-07
2808,2023-03-08
2809,2023-03-09
2810,2023-03-10
2811,2023-03-11
2812,2023-03-12
2813,2023-03-13
2814,2023-03-14
2815,2023-03-15
2816,2023-03-16
2817,2023-03-17
2818,2023-03-18
2819,2023-03-19
2820,2023-03-20
2821,2023-03-21
2822,2023-03-22
2823,2023-03-23
2824,2023-03-24
2825,2023-03-25
2826,2023-03-26
2827,2023-03-27
2828,2023-03-28
2829,2023-03-29
2830,2023-03-30
2831,2023-03-31
2832,2023-04-01
2833,2023-04-02
2834,2023-04-03
2835,2023-04-04
2836,2023-04-05
2837,2023-04-06
2838,2023-04-07
2839,2023-04-08
2840,2023-04-09
2841,2023-04-10
2842,2023-04-11
2843,2023-04-12
2844,2023-04-13
2845,2023-04-14
2846,2023-04-15
2847,2023-04-16
2848,2023-04-17
2849,2023-04-18
2850,2023-04-19
2851,2023-04-20
2852,2023-04-21
2853,2023-04-22
2854,2023-04-23
2855,2023-04-24
2856,2023-04-25
2857,2023-04-26
2858,2023-04-27
2859,2023-04-28
2860,2023-04-29
2861,2023-04-30
2862,2023-05-01
2863,2023-05-02
2864,2023-05-03
2865,2023-05-04
2866,2023-05-05
2867,2023-05-06
2868,2023-05-07
2869,2023-05-08
2870,2023-05-09
2871,2023-05-10
2872,2023-05-11
2873,2023-05-12
2874,2023-05-13
2875,2023-05-14
2876,2023-05-15
2877,2023-05-16
2878,2023-05-17
2879,2023-05-18
2880,2023-05-19
2881,2023-05-20
2882,2023-05-21
2883,2023-05-22
2884,2023-05-23
2885,2023-05-24
2886,2023-05-25
2887,2023-05-26
2888,2023-05-27
2889,2023-05-28
2890,2023-05-29
2891,2023-05-30
2892,2023-05-31
2893,2023-06-01
2894,2023-06-02
2895,2023-06-03
2896,2023-06-04
2897,2023-06-05
2898,2023-06-06
2899,2023-06-07
2900,2023-06-08
2901,2023-06-09
2902,2023-06-10
2903,2023-06-11
2904,2023-06-12
2905,2023-06-13
2906,2023-06-14
2907,2023-06-15
2908,2023-06-16
2909,2023-06-17
2910,2023-06-18
2911,2023-06-19
2912,2023-06-20
2913,2023-06-21
2914,2023-06-22
2915,2023-06-23
2916,2023-06-24
2917,2023-06-25
2918,2023-06-26
2919,2023-06-27
2920,2023-06-28
2921,2023-06-29
2922,2023-06-30
2923,2023-07-01
2924,2023-07-02
2925,2023-07-03
2926,2023-07-04
2927,2023-07-05
2928,2023-07-06
2929,2023-07-07
2930,2023-07-08
2931,2023-07-09
2932,2023-07-10
2933,2023-07-11
2934,2023-07-12
2935,2023-07-13
2936,2023-07-14
2937,2023-07-15
2938,2023-07-16
2939,2023-07-17
2940,2023-07-18
2941,2023-07-19
2942,2023-07-20
2943,2023-07-21
2944,2023-07-22
2945,2023-07-23
2946,2023-07-24
2947,2023-07-25
2948,2023-07-26
2949,2023-07-27
2950,2023-07-28
2951,2023-07-29
2952,2023-07-30
2953,2023-07-31
2954,2023-08-01
2955,2023-08-02
2956,2023-08-03
2957,2023-08-04
2958,2023-08-05
2959,2023-08-06
2960,2023-08-07
2961,2023-08-08
2962,2023-08-09
2963,2023-08-10
2964,2023-08-11
2965,2023-08-12
2966,2023-08-13
2967,2023-08-14
2968,2023-08-15
2969,2023-08-16
2970,2023-08-17
2971,2023-08-18
2972,2023-08-19
2973,2023-08-20
2974,2023-08-21
2975,2023-08-22
2976,2023-08-23
2977,2023-08-24
2978,2023-08-25
2979,2023-08-26
2980,2023-08-27
2981,2023-08-28
2982,2023-08-29
2983,2023-08-30
2984,2023-08-31
2985,2023-09-01
2986,2023-09-02
2987,2023-09-03
2988,2023-09-04
2989,2023-09-05
2990,2023-09-06
2991,2023-09-07
2992,2023-09-08
2993,2023-09-09
2994,2023-09-10
2995,2023-09-11
2996,2023-09-12
2997,2023-09-13
2998,2023-09-14
2999,2023-09-15
3000,2023-09-16
3001,2023-09-17
3002,2023-09-18
3003,2023-09-19
3004,2023-09-20
3005,2023-09-21
3006,2023-09-22
3007,2023-09-23
3008,2023-09-24
3009,2023-09-25
3010,2023-09-26
3011,2023-09-27
3012,2023-09-28
3013,2023-09-29
3014,2023-09-30
3015,2023-10-01
3016,2023-10-02
3017,2023-10-03
3018,2023-10-04
3019,2023-10-05
3020,2023-10-06
3021,2023-10-07
3022,2023-10-08
3023,2023-10-09
3024,2023-10-10
3025,2023-10-11
3026,2023-10-12
3027,2023-10-13
3028,2023-10-14
3029,2023-10-15
3030,2023-10-16
3031,2023-10-17
3032,2023-10-18
3033,2023-10-19
3034,2023-10-20
3035,2023-10-21
3036,2023-10-22
3037,2023-10-23
3038,2023-10-24
3039,2023-10-25
3040,2023-10-26
3041,2023-10-27
3042,2023-10-28
3043,2023-10-29
3044,2023-10-30
3045,2023-10-31
3046,2023-11-01
3047,2023-11-02
3048,2023-11-03
3049,2023-11-04
3050,2023-11-05
3051,2023-11-06
3052,2023-11-07
3053,2023-11-08
3054,2023-11-09
3055,2023-11-10
3056,2023-11-11
3057,2023-11-12
3058,2023-11-13
3059,2023-11-14
3060,2023-11-15
3061,2023-11-16
3062,2023-11-17
3063,2023-11-18
3064,2023-11-19
3065,2023-11-20
3066,2023-11-21
3067,2023-11-22
3068,2023-11-23
3069,2023-11-24
3070,2023-11-25
3071,2023-11-26
3072,2023-11-27
3073,2023-11-28
3074,2023-11-29
3075,2023-11-30
3076,2023-12-01
3077,2023-12-02
3078,2023-12-03
3079,2023-12-04
3080,2023-12-05
3081,2023-12-06
3082,2023-12-07
3083,2023-12-08
3084,2023-12-09
3085,2023-12-10
3086,2023-12-11
3087,2023-12-12
3088,2023-12-13
3089,2023-12-14
3090,2023-12-15
3091,2023-12-16
3092,2023-12-17
3093,2023-12-18
3094,2023-12-19
3095,2023-12-20
3096,2023-12-21
3097,2023-12-22
3098,2023-12-23
3099,2023-12-24
3100,2023-12-25
3101,2023-12-26
3102,2023-12-27
3103,2023-12-28
3104,2023-12-29
3105,2023-12-30
3106,2023-12-31
3107,2024-01-01
3108,2024-01-02
3109,2024-01-03
3110,2024-01-04
3111,2024-01-05
3112,2024-01-06
3113,2024-01-07
3114,2024-01-08
3115,2024-01-09
3116,2024-01-10
3117,2024-01-11
3118,2024-01-12
3119,2024-01-13
3120,2024-01-14
3121,2024-01-15
3122,2024-01-16
3123,2024-01-17
3124,2024-01-18
3125,2024-01-19
3126,2024-01-20
3127,2024-01-21
3128,2024-01-22
3129,2024-01-23
3130,2024-01-24
3131,2024-01-25
3132,2024-01-26
3133,2024-01-27
3134,2024-01-28
3135,2024-01-29
3136,2024-01-30
3137,2024-01-31
3138,2024-02-01
3139,2024-02-02
3140,2024-02-03
3141,2024-02-04
3142,2024-02-05
3143,2024-02-06
3144,2024-02-07
3145,2024-02-08
3146,2024-02-09
3147,2024-02-10
3148,2024-02-11
3149,2024-02-12
3150,2024-02-13
3151,2024-02-14
3152,2024-02-15
3153,2024-02-16
3154,2024-02-17
3155,2024-02-18
3156,2024-02-19
3157,2024-02-20
3158,2024-02-21
3159,2024-02-22
3160,2024-02-23
3161,2024-02-24
3162,2024-02-25
3163,2024-02-26
3164,2024-02-27
3165,2024-02-28
3166,2024-02-29
3167,2024-03-01
3168,2024-03-02
3169,2024-03-03
3170,2024-03-04
3171,2024-03-05
3172,2024-03-06
3173,2024-03-07
3174,2024-03-08
3175,2024-03-09
3176,2024-03-10
3177,2024-03-11
3178,2024-03-12
3179,2024-03-13
3180,2024-03-14
3181,2024-03-15
3182,2024-03-16
3183,2024-03-17
3184,2024-03-18
3185,2024-03-19
3186,2024-03-20
3187,2024-03-21
3188,2024-03-22
3189,2024-03-23
3190,2024-03-24
3191,2024-03-25
3192,2024-03-26
3193,2024-03-27
3194,2024-03-28
3195,2024-03-29
3196,2024-03-30
3197,2024-03-31
3198,2024-04-01
3199,2024-04-02
3200,2024-04-03
3201,2024-04-04
3202,2024-04-05
3203,2024-04-06
3204,2024-04-07
3205,2024-04-08
3206,2024-04-09
3207,2024-04-10
3208,2024-04-11
3209,2024-04-12
3210,2024-04-13
3211,2024-04-14
3212,2024-04-15
3213,2024-04-16
3214,2024-04-17
3215,2024-04-18
3216,2024-04-19
3217,2024-04-20
3218,2024-04-21
3219,2024-04-22
3220,2024-04-23
3221,2024-04-24
3222,2024-04-25
3223,2024-04-26
3224,2024-04-27
3225,2024-04-28
3226,2024-04-29
3227,2024-04-30
3228,2024-05-01
3229,2024-05-02
3230,2024-05-03
3231,2024-05-04
3232,2024-05-05
3233,2024-05-06
3234,2024-05-07
3235,2024-05-08
3236,2024-05-09
3237,2024-05-10
3238,2024-05-11
3239,2024-05-12
3240,2024-05-13
3241,2024-05-14
3242,2024-05-15
3243,2024-05-16
3244,2024-05-17
3245,2024-05-18
3246,2024-05-19
3247,2024-05-20
3248,2024-05-21
3249,2024-05-22
3250,2024-05-23
3251,2024-05-24
3252,2024-05-25
3253,2024-05-26
3254,2024-05-27
3255,2024-05-28
3256,2024-05-29
3257,2024-05-30
3258,2024-05-31
3259,2024-06-01
3260,2024-06-02
3261,2024-06-03
3262,2024-06-04
3263,2024-06-05
3264,2024-06-06
3265,2024-06-07
3266,2024-06-08
3267,2024-06-09
3268,2024-06-10
3269,2024-06-11
3270,2024-06-12
3271,2024-06-13
3272,2024-06-14
3273,2024-06-15
3274,2024-06-16
3275,2024-06-17
3276,2024-06-18
3277,2024-06-19
3278,2024-06-20
3279,2024-06-21
3280,2024-06-22
3281,2024-06-23
3282,2024-06-24
3283,2024-06-25
3284,2024-06-26
3285,2024-06-27
3286,2024-06-28
3287,2024-06-29
3288,2024-06-30
